load_id,report_date,load_type,load_time,load_weight,dropoff_site,route_type,route_number
336590,07/08/2009,RECYCLING - SINGLE STREAM,07/08/2009 11:51:00,4400,MRF,RECYCLING - SINGLE STREAM,DF1
274232,11/04/2008,RECYCLING - PAPER,11/04/2008 12:31:00,1920,MRF,RECYCLING - SINGLE STREAM,DF1
312167,16/01/2009,RECYCLING - SINGLE STREAM,16/01/2009 12:58:00,4140,MRF,RECYCLING - SINGLE STREAM,DF1
333746,10/07/2009,RECYCLING - SINGLE STREAM,10/07/2009 11:21:00,4020,MRF,RECYCLING - SINGLE STREAM,DF1
164543,03/02/2006,RECYCLING - COMINGLE,03/02/2006 12:36:00,1700,MRF,RECYCLING - SINGLE STREAM,DF1
273360,04/04/2008,RECYCLING - COMINGLE,04/04/2008 12:22:00,2120,MRF,RECYCLING - SINGLE STREAM,DF1
181228,02/06/2006,RECYCLING - PAPER,02/06/2006 12:03:00,2000,MRF,RECYCLING - SINGLE STREAM,DF1
317354,27/02/2009,RECYCLING - SINGLE STREAM,27/02/2009 2:28:00,1320,MRF,RECYCLING - SINGLE STREAM,DF1
357563,12/02/2010,RECYCLING - SINGLE STREAM,12/02/2010 9:11:00,5800,MRF,RECYCLING - SINGLE STREAM,DF1
364997,16/04/2010,RECYCLING - SINGLE STREAM,16/04/2010 1:02:00,1480,MRF,RECYCLING - SINGLE STREAM,DF1
291444,01/08/2008,RECYCLING - PAPER,01/08/2008 2:16:00,880,MRF,RECYCLING - SINGLE STREAM,DF1
274231,11/04/2008,RECYCLING - COMINGLE,11/04/2008 12:40:00,2160,MRF,RECYCLING - SINGLE STREAM,DF1
129445,06/05/2005,RECYCLING - PAPER,06/05/2005 12:12:00,2040,MRF,RECYCLING - SINGLE STREAM,DF1
384158,08/10/2010,RECYCLING - SINGLE STREAM,08/10/2010 6:53:00,4900,MRF,RECYCLING - SINGLE STREAM,DF1
343401,09/10/2009,RECYCLING - SINGLE STREAM,09/10/2009 11:18:00,8060,MRF,RECYCLING - SINGLE STREAM,DF1
294484,29/08/2008,RECYCLING - COMINGLE,29/08/2008 2:06:00,640,MRF,RECYCLING - SINGLE STREAM,DF1
326106,08/05/2009,RECYCLING - SINGLE STREAM,08/05/2009 12:47:00,4160,MRF,RECYCLING - SINGLE STREAM,DF1
111542,24/12/2004,RECYCLING - PAPER,24/12/2004 9:46:00,1360,MRF,RECYCLING - SINGLE STREAM,DF1
185602,07/07/2006,RECYCLING - PAPER,07/07/2006 11:58:00,1660,MRF,RECYCLING - SINGLE STREAM,DF1
223167,13/04/2007,RECYCLING - COMINGLE,13/04/2007 10:22:00,2060,MRF,RECYCLING - SINGLE STREAM,DF1
344977,23/10/2009,RECYCLING - SINGLE STREAM,23/10/2009 9:09:00,4460,MRF,RECYCLING - SINGLE STREAM,DF1
127034,22/04/2005,RECYCLING - COMINGLE,22/04/2005 12:25:00,1920,MRF,RECYCLING - SINGLE STREAM,DF1
343402,09/10/2009,RECYCLING - SINGLE STREAM,09/10/2009 2:59:00,6400,MRF,RECYCLING - SINGLE STREAM,DF1
306263,29/11/2008,RECYCLING - SINGLE STREAM,29/11/2008 10:00:00,4560,MRF,RECYCLING - SINGLE STREAM,DF1
387265,05/11/2010,RECYCLING - SINGLE STREAM,05/11/2010 2:06:00,6440,MRF,RECYCLING - SINGLE STREAM,DF1
212827,26/01/2007,RECYCLING - PAPER,26/01/2007 11:09:00,2780,MRF,RECYCLING - SINGLE STREAM,DF1
294483,29/08/2008,RECYCLING - PAPER,29/08/2008 10:32:00,2200,MRF,RECYCLING - SINGLE STREAM,DF1
358107,19/02/2010,RECYCLING - SINGLE STREAM,19/02/2010 1:23:00,5580,MRF,RECYCLING - SINGLE STREAM,DF1
147396,30/09/2005,RECYCLING - PAPER,30/09/2005 11:32:00,2120,MRF,RECYCLING - SINGLE STREAM,DF1
254303,30/11/2007,RECYCLING - PAPER,30/11/2007 1:16:00,740,MRF,RECYCLING - SINGLE STREAM,DF1
349503,04/12/2009,RECYCLING - SINGLE STREAM,04/12/2009 1:35:00,4880,MRF,RECYCLING - SINGLE STREAM,DF1
266770,22/02/2008,RECYCLING - PAPER,22/02/2008 12:00:00,1380,MRF,RECYCLING - SINGLE STREAM,DF1
138645,15/07/2005,RECYCLING - COMINGLE,15/07/2005 12:03:00,1580,MRF,RECYCLING - SINGLE STREAM,DF1
373107,25/06/2010,RECYCLING - SINGLE STREAM,25/06/2010 1:40:00,700,MRF,RECYCLING - SINGLE STREAM,DF1
347993,20/11/2009,RECYCLING - SINGLE STREAM,20/11/2009 11:30:00,5800,MRF,RECYCLING - SINGLE STREAM,DF1
185601,07/07/2006,RECYCLING - COMINGLE,07/07/2006 12:02:00,1860,MRF,RECYCLING - SINGLE STREAM,DF1
140507,05/08/2005,RECYCLING - PAPER,05/08/2005 12:25:00,2020,MRF,RECYCLING - SINGLE STREAM,DF1
247415,12/10/2007,RECYCLING - COMINGLE,12/10/2007 3:34:00,1140,MRF,RECYCLING - SINGLE STREAM,DF1
156654,10/12/2005,RECYCLING - COMINGLE,10/12/2005 11:49:00,1580,MRF,RECYCLING - SINGLE STREAM,DF1
296032,05/09/2008,RECYCLING - PAPER,05/09/2008 10:43:00,1260,MRF,RECYCLING - SINGLE STREAM,DF1
257621,21/12/2007,RECYCLING - PAPER,21/12/2007 1:32:00,1920,MRF,RECYCLING - SINGLE STREAM,DF1
386139,22/10/2010,RECYCLING - SINGLE STREAM,22/10/2010 5:20:00,4180,MRF,RECYCLING - SINGLE STREAM,DF1
116166,28/01/2005,RECYCLING - COMINGLE,28/01/2005 10:03:00,2100,MRF,RECYCLING - SINGLE STREAM,DF1
384324,01/10/2010,RECYCLING - SINGLE STREAM,01/10/2010 1:43:00,6040,MRF,RECYCLING - SINGLE STREAM,DF1
330920,19/06/2009,RECYCLING - SINGLE STREAM,19/06/2009 9:05:00,4200,MRF,RECYCLING - SINGLE STREAM,DF1
116992,04/02/2005,RECYCLING - COMINGLE,04/02/2005 9:54:00,1600,MRF,RECYCLING - SINGLE STREAM,DF1
196088,08/09/2006,RECYCLING - COMINGLE,08/09/2006 12:08:00,1580,MRF,RECYCLING - SINGLE STREAM,DF1
260573,11/01/2008,RECYCLING - COMINGLE,11/01/2008 12:07:00,1860,MRF,RECYCLING - SINGLE STREAM,DF1
276142,18/04/2008,RECYCLING - COMINGLE,18/04/2008 12:41:00,1980,MRF,RECYCLING - SINGLE STREAM,DF1
378020,06/08/2010,RECYCLING - SINGLE STREAM,06/08/2010 1:25:00,7180,MRF,RECYCLING - SINGLE STREAM,DF1
371304,04/06/2010,RECYCLING - SINGLE STREAM,04/06/2010 4:29:00,480,MRF,RECYCLING - SINGLE STREAM,DF1
141154,12/08/2005,RECYCLING - PAPER,12/08/2005 1:46:00,1140,MRF,RECYCLING - SINGLE STREAM,DF1
266158,15/02/2008,RECYCLING - COMINGLE,15/02/2008 12:25:00,2040,MRF,RECYCLING - SINGLE STREAM,DF1
173694,14/04/2006,RECYCLING - COMINGLE,14/04/2006 12:14:00,1860,MRF,RECYCLING - SINGLE STREAM,DF1
366059,23/04/2010,RECYCLING - SINGLE STREAM,23/04/2010 12:12:00,5360,MRF,RECYCLING - SINGLE STREAM,DF1
166908,24/02/2006,RECYCLING - COMINGLE,24/02/2006 12:26:00,1720,MRF,RECYCLING - SINGLE STREAM,DF1
213548,02/02/2007,RECYCLING - COMINGLE,02/02/2007 10:59:00,1800,MRF,RECYCLING - SINGLE STREAM,DF1
288874,18/07/2008,RECYCLING - COMINGLE,18/07/2008 1:33:00,540,MRF,RECYCLING - SINGLE STREAM,DF1
349504,04/12/2009,RECYCLING - SINGLE STREAM,04/12/2009 3:28:00,3420,MRF,RECYCLING - SINGLE STREAM,DF1
105315,05/11/2004,RECYCLING - COMINGLE,05/11/2004 12:23:00,420,MRF,RECYCLING - SINGLE STREAM,DF1
291442,01/08/2008,RECYCLING - PAPER,01/08/2008 10:39:00,1520,MRF,RECYCLING - SINGLE STREAM,DF1
160333,06/01/2006,RECYCLING - PAPER,06/01/2006 11:06:00,2260,MRF,RECYCLING - SINGLE STREAM,DF1
251825,09/11/2007,RECYCLING - COMINGLE,09/11/2007 2:07:00,1900,MRF,RECYCLING - SINGLE STREAM,DF1
170320,17/03/2006,RECYCLING - PAPER,17/03/2006 1:05:00,580,MRF,RECYCLING - SINGLE STREAM,DF1
253256,24/11/2007,RECYCLING - PAPER,24/11/2007 11:28:00,1280,MRF,RECYCLING - SINGLE STREAM,DF1
143908,19/08/2005,RECYCLING - COMINGLE,19/08/2005 12:54:00,1200,MRF,RECYCLING - SINGLE STREAM,DF1
233122,29/06/2007,RECYCLING - COMINGLE,29/06/2007 11:14:00,1740,MRF,RECYCLING - SINGLE STREAM,DF1
349502,04/12/2009,RECYCLING - SINGLE STREAM,04/12/2009 10:41:00,4540,MRF,RECYCLING - SINGLE STREAM,DF1
189339,04/08/2006,RECYCLING - PAPER,04/08/2006 12:10:00,1780,MRF,RECYCLING - SINGLE STREAM,DF1
299045,27/09/2008,RECYCLING - COMINGLE,27/09/2008 9:39:00,1540,MRF,RECYCLING - SINGLE STREAM,DF1
299827,03/10/2008,RECYCLING - COMINGLE,03/10/2008 11:47:00,1980,MRF,RECYCLING - SINGLE STREAM,DF1
257620,21/12/2007,RECYCLING - COMINGLE,21/12/2007 1:35:00,1940,MRF,RECYCLING - SINGLE STREAM,DF1
104178,29/10/2004,RECYCLING - COMINGLE,29/10/2004 12:31:00,1960,MRF,RECYCLING - SINGLE STREAM,DF1
318166,06/03/2009,RECYCLING - SINGLE STREAM,06/03/2009 2:19:00,1820,MRF,RECYCLING - SINGLE STREAM,DF1
298440,26/09/2008,RECYCLING - COMINGLE,26/09/2008 5:19:00,600,MRF,RECYCLING - SINGLE STREAM,DF1
194721,15/09/2006,RECYCLING - COMINGLE,15/09/2006 12:07:00,1780,MRF,RECYCLING - SINGLE STREAM,DF1
155312,02/12/2005,RECYCLING - COMINGLE,02/12/2005 12:32:00,1580,MRF,RECYCLING - SINGLE STREAM,DF1
221557,30/03/2007,RECYCLING - PAPER,30/03/2007 12:12:00,1300,MRF,RECYCLING - SINGLE STREAM,DF1
192143,25/08/2006,RECYCLING - COMINGLE,25/08/2006 1:05:00,1900,MRF,RECYCLING - SINGLE STREAM,DF1
248332,19/10/2007,RECYCLING - PAPER,19/10/2007 12:28:00,1640,MRF,RECYCLING - SINGLE STREAM,DF1
313118,23/01/2009,RECYCLING - SINGLE STREAM,23/01/2009 10:37:00,4360,MRF,RECYCLING - SINGLE STREAM,DF1
129851,13/05/2005,RECYCLING - COMINGLE,13/05/2005 12:16:00,1820,MRF,RECYCLING - SINGLE STREAM,DF1
123269,25/03/2005,RECYCLING - PAPER,25/03/2005 10:09:00,2080,MRF,RECYCLING - SINGLE STREAM,DF1
254301,30/11/2007,RECYCLING - PAPER,30/11/2007 10:11:00,2620,MRF,RECYCLING - SINGLE STREAM,DF1
254300,30/11/2007,RECYCLING - COMINGLE,30/11/2007 10:17:00,1780,MRF,RECYCLING - SINGLE STREAM,DF1
105312,05/11/2004,RECYCLING - COMINGLE,05/11/2004 10:27:00,1980,MRF,RECYCLING - SINGLE STREAM,DF1
382777,24/09/2010,RECYCLING - SINGLE STREAM,24/09/2010 11:20:00,13980,MRF,RECYCLING - SINGLE STREAM,DF1
210983,12/01/2007,RECYCLING - PAPER,12/01/2007 10:57:00,2140,MRF,RECYCLING - SINGLE STREAM,DF1
236759,27/07/2007,RECYCLING - PAPER,27/07/2007 12:55:00,980,MRF,RECYCLING - SINGLE STREAM,DF1
326871,15/05/2009,RECYCLING - SINGLE STREAM,15/05/2009 11:42:00,4460,MRF,RECYCLING - SINGLE STREAM,DF1
145685,16/09/2005,RECYCLING - COMINGLE,16/09/2005 1:55:00,1660,MRF,RECYCLING - SINGLE STREAM,DF1
312168,16/01/2009,RECYCLING - SINGLE STREAM,16/01/2009 3:42:00,2700,MRF,RECYCLING - SINGLE STREAM,DF1
207714,15/12/2006,RECYCLING - PAPER,15/12/2006 12:19:00,2100,MRF,RECYCLING - SINGLE STREAM,DF1
139602,29/07/2005,RECYCLING - COMINGLE,29/07/2005 2:12:00,560,MRF,RECYCLING - SINGLE STREAM,DF1
303632,05/11/2008,RECYCLING - SINGLE STREAM,05/11/2008 2:04:00,4100,MRF,RECYCLING - SINGLE STREAM,DF1
202858,17/11/2006,RECYCLING - PAPER,17/11/2006 11:41:00,1900,MRF,RECYCLING - SINGLE STREAM,DF1
263812,01/02/2008,RECYCLING - COMINGLE,01/02/2008 1:09:00,780,MRF,RECYCLING - SINGLE STREAM,DF1
196849,29/09/2006,RECYCLING - PAPER,29/09/2006 12:53:00,1560,MRF,RECYCLING - SINGLE STREAM,DF1
344982,23/10/2009,RECYCLING - SINGLE STREAM,23/10/2009 11:24:00,6980,MRF,RECYCLING - SINGLE STREAM,DF1
106207,12/11/2004,RECYCLING - COMINGLE,12/11/2004 10:05:00,1620,MRF,RECYCLING - SINGLE STREAM,DF1
329969,12/06/2009,RECYCLING - SINGLE STREAM,12/06/2009 12:57:00,2100,MRF,RECYCLING - SINGLE STREAM,DF1
217009,02/03/2007,RECYCLING - PAPER,02/03/2007 1:17:00,1520,MRF,RECYCLING - SINGLE STREAM,DF1
298441,26/09/2008,RECYCLING - PAPER,26/09/2008 5:13:00,540,MRF,RECYCLING - SINGLE STREAM,DF1
116996,04/02/2005,RECYCLING - PAPER,04/02/2005 12:42:00,820,MRF,RECYCLING - SINGLE STREAM,DF1
256429,14/12/2007,RECYCLING - COMINGLE,14/12/2007 12:26:00,1740,MRF,RECYCLING - SINGLE STREAM,DF1
305522,21/11/2008,RECYCLING - SINGLE STREAM,21/11/2008 11:22:00,4840,MRF,RECYCLING - SINGLE STREAM,DF1
199790,06/10/2006,RECYCLING - PAPER,06/10/2006 1:02:00,1500,MRF,RECYCLING - SINGLE STREAM,DF1
182158,09/06/2006,RECYCLING - PAPER,09/06/2006 1:10:00,660,MRF,RECYCLING - SINGLE STREAM,DF1
294482,29/08/2008,RECYCLING - COMINGLE,29/08/2008 10:38:00,1740,MRF,RECYCLING - SINGLE STREAM,DF1
281783,30/05/2008,RECYCLING - COMINGLE,30/05/2008 1:17:00,780,MRF,RECYCLING - SINGLE STREAM,DF1
118089,11/02/2005,RECYCLING - COMINGLE,11/02/2005 10:15:00,1800,MRF,RECYCLING - SINGLE STREAM,DF1
339616,04/09/2009,RECYCLING - SINGLE STREAM,04/09/2009 10:58:00,4640,MRF,RECYCLING - SINGLE STREAM,DF1
317352,27/02/2009,RECYCLING - SINGLE STREAM,27/02/2009 8:46:00,3860,MRF,RECYCLING - SINGLE STREAM,DF1
214712,16/02/2007,RECYCLING - COMINGLE,16/02/2007 2:11:00,1460,MRF,RECYCLING - SINGLE STREAM,DF1
294485,29/08/2008,RECYCLING - PAPER,29/08/2008 1:46:00,460,MRF,RECYCLING - SINGLE STREAM,DF1
146703,23/09/2005,RECYCLING - PAPER,23/09/2005 12:51:00,1880,MRF,RECYCLING - SINGLE STREAM,DF1
190091,11/08/2006,RECYCLING - COMINGLE,11/08/2006 12:05:00,1700,MRF,RECYCLING - SINGLE STREAM,DF1
317353,27/02/2009,RECYCLING - SINGLE STREAM,27/02/2009 11:41:00,5460,MRF,RECYCLING - SINGLE STREAM,DF1
390903,03/12/2010,RECYCLING - SINGLE STREAM,03/12/2010 4:49:00,4360,MRF,RECYCLING - SINGLE STREAM,DF1
293633,22/08/2008,RECYCLING - COMINGLE,22/08/2008 11:34:00,1580,MRF,RECYCLING - SINGLE STREAM,DF1
386138,22/10/2010,RECYCLING - SINGLE STREAM,22/10/2010 1:42:00,6500,MRF,RECYCLING - SINGLE STREAM,DF1
223170,13/04/2007,RECYCLING - PAPER,13/04/2007 1:30:00,820,MRF,RECYCLING - SINGLE STREAM,DF1
104179,29/10/2004,RECYCLING - PAPER,29/10/2004 12:31:00,2200,MRF,RECYCLING - SINGLE STREAM,DF1
239685,17/08/2007,RECYCLING - COMINGLE,17/08/2007 12:44:00,1100,MRF,RECYCLING - SINGLE STREAM,DF1
284983,20/06/2008,RECYCLING - COMINGLE,20/06/2008 2:14:00,620,MRF,RECYCLING - SINGLE STREAM,DF1
293724,22/08/2008,RECYCLING - PAPER,22/08/2008 3:23:00,700,MRF,RECYCLING - SINGLE STREAM,DF1
192144,25/08/2006,RECYCLING - PAPER,25/08/2006 12:59:00,1900,MRF,RECYCLING - SINGLE STREAM,DF1
210984,12/01/2007,RECYCLING - COMINGLE,12/01/2007 1:56:00,820,MRF,RECYCLING - SINGLE STREAM,DF1
135215,24/06/2005,RECYCLING - PAPER,24/06/2005 12:28:00,1500,MRF,RECYCLING - SINGLE STREAM,DF1
235849,13/07/2007,RECYCLING - COMINGLE,13/07/2007 4:03:00,1740,MRF,RECYCLING - SINGLE STREAM,DF1
338085,21/08/2009,RECYCLING - SINGLE STREAM,21/08/2009 10:05:00,3620,MRF,RECYCLING - SINGLE STREAM,DF1
127036,22/04/2005,RECYCLING - PAPER,22/04/2005 12:20:00,1800,MRF,RECYCLING - SINGLE STREAM,DF1
287888,11/07/2008,RECYCLING - COMINGLE,11/07/2008 1:34:00,2140,MRF,RECYCLING - SINGLE STREAM,DF1
200299,27/10/2006,RECYCLING - COMINGLE,27/10/2006 11:45:00,1620,MRF,RECYCLING - SINGLE STREAM,DF1
171660,31/03/2006,RECYCLING - PAPER,31/03/2006 9:37:00,2080,MRF,RECYCLING - SINGLE STREAM,DF1
282873,06/06/2008,RECYCLING - PAPER,06/06/2008 12:46:00,1880,MRF,RECYCLING - SINGLE STREAM,DF1
112510,31/12/2004,RECYCLING - COMINGLE,31/12/2004 12:15:00,1780,MRF,RECYCLING - SINGLE STREAM,DF1
156655,10/12/2005,RECYCLING - PAPER,10/12/2005 11:46:00,2180,MRF,RECYCLING - SINGLE STREAM,DF1
326107,08/05/2009,RECYCLING - SINGLE STREAM,08/05/2009 4:40:00,3600,MRF,RECYCLING - SINGLE STREAM,DF1
123270,25/03/2005,RECYCLING - COMINGLE,25/03/2005 1:03:00,1220,MRF,RECYCLING - SINGLE STREAM,DF1
165236,10/02/2006,RECYCLING - COMINGLE,10/02/2006 1:32:00,940,MRF,RECYCLING - SINGLE STREAM,DF1
107842,27/11/2004,RECYCLING - COMINGLE,27/11/2004 9:52:00,2020,MRF,RECYCLING - SINGLE STREAM,DF1
240352,24/08/2007,RECYCLING - COMINGLE,24/08/2007 2:38:00,1500,MRF,RECYCLING - SINGLE STREAM,DF1
334229,17/07/2009,RECYCLING - SINGLE STREAM,17/07/2009 2:03:00,3780,MRF,RECYCLING - SINGLE STREAM,DF1
392622,17/12/2010,RECYCLING - SINGLE STREAM,17/12/2010 1:23:00,19360,MRF,RECYCLING - SINGLE STREAM,DF1
310272,03/01/2009,RECYCLING - SINGLE STREAM,03/01/2009 9:34:00,5000,MRF,RECYCLING - SINGLE STREAM,DF1
143905,19/08/2005,RECYCLING - COMINGLE,19/08/2005 10:06:00,1620,MRF,RECYCLING - SINGLE STREAM,DF1
170843,24/03/2006,RECYCLING - COMINGLE,24/03/2006 12:26:00,1720,MRF,RECYCLING - SINGLE STREAM,DF1
128216,29/04/2005,RECYCLING - COMINGLE,29/04/2005 12:19:00,1800,MRF,RECYCLING - SINGLE STREAM,DF1
150226,21/10/2005,RECYCLING - COMINGLE,21/10/2005 12:31:00,1540,MRF,RECYCLING - SINGLE STREAM,DF1
250952,02/11/2007,RECYCLING - COMINGLE,02/11/2007 10:53:00,2260,MRF,RECYCLING - SINGLE STREAM,DF1
267746,29/02/2008,RECYCLING - COMINGLE,29/02/2008 1:05:00,2060,MRF,RECYCLING - SINGLE STREAM,DF1
154433,26/11/2005,RECYCLING - COMINGLE,26/11/2005 11:43:00,2020,MRF,RECYCLING - SINGLE STREAM,DF1
301077,10/10/2008,RECYCLING - SINGLE STREAM,10/10/2008 8:10:00,4480,MRF,RECYCLING - SINGLE STREAM,DF1
152683,11/11/2005,RECYCLING - PAPER,11/11/2005 10:27:00,1840,MRF,RECYCLING - SINGLE STREAM,DF1
319760,13/03/2009,RECYCLING - SINGLE STREAM,13/03/2009 11:37:00,5860,MRF,RECYCLING - SINGLE STREAM,DF1
270215,14/03/2008,RECYCLING - PAPER,14/03/2008 12:27:00,2260,MRF,RECYCLING - SINGLE STREAM,DF1
313981,30/01/2009,RECYCLING - SINGLE STREAM,30/01/2009 3:18:00,3800,MRF,RECYCLING - SINGLE STREAM,DF1
134526,17/06/2005,RECYCLING - PAPER,17/06/2005 12:57:00,2080,MRF,RECYCLING - SINGLE STREAM,DF1
191346,18/08/2006,RECYCLING - COMINGLE,18/08/2006 12:38:00,1680,MRF,RECYCLING - SINGLE STREAM,DF1
323485,17/04/2009,RECYCLING - SINGLE STREAM,17/04/2009 12:10:00,5920,MRF,RECYCLING - SINGLE STREAM,DF1
118842,18/02/2005,RECYCLING - PAPER,18/02/2005 10:46:00,1380,MRF,RECYCLING - SINGLE STREAM,DF1
132004,27/05/2005,RECYCLING - PAPER,27/05/2005 1:08:00,2160,MRF,RECYCLING - SINGLE STREAM,DF1
118092,11/02/2005,RECYCLING - COMINGLE,11/02/2005 12:39:00,600,MRF,RECYCLING - SINGLE STREAM,DF1
201323,03/11/2006,RECYCLING - COMINGLE,03/11/2006 12:15:00,1780,MRF,RECYCLING - SINGLE STREAM,DF1
366948,30/04/2010,RECYCLING - SINGLE STREAM,30/04/2010 10:54:00,5520,MRF,RECYCLING - SINGLE STREAM,DF1
189338,04/08/2006,RECYCLING - COMINGLE,04/08/2006 12:15:00,1720,MRF,RECYCLING - SINGLE STREAM,DF1
311255,09/01/2009,RECYCLING - SINGLE STREAM,09/01/2009 2:15:00,2160,MRF,RECYCLING - SINGLE STREAM,DF1
282872,06/06/2008,RECYCLING - COMINGLE,06/06/2008 12:50:00,2200,MRF,RECYCLING - SINGLE STREAM,DF1
289983,25/07/2008,RECYCLING - PAPER,25/07/2008 11:01:00,1300,MRF,RECYCLING - SINGLE STREAM,DF1
233123,29/06/2007,RECYCLING - PAPER,29/06/2007 11:07:00,1640,MRF,RECYCLING - SINGLE STREAM,DF1
118094,11/02/2005,RECYCLING - PAPER,11/02/2005 12:35:00,640,MRF,RECYCLING - SINGLE STREAM,DF1
286661,27/06/2008,RECYCLING - COMINGLE,27/06/2008 1:26:00,1320,MRF,RECYCLING - SINGLE STREAM,DF1
341940,25/09/2009,RECYCLING - SINGLE STREAM,25/09/2009 2:36:00,3500,MRF,RECYCLING - SINGLE STREAM,DF1
306264,29/11/2008,RECYCLING - SINGLE STREAM,29/11/2008 11:37:00,1400,MRF,RECYCLING - SINGLE STREAM,DF1
315787,13/02/2009,RECYCLING - SINGLE STREAM,13/02/2009 4:00:00,4660,MRF,RECYCLING - SINGLE STREAM,DF1
151896,04/11/2005,RECYCLING - PAPER,04/11/2005 11:43:00,2240,MRF,RECYCLING - SINGLE STREAM,DF1
375258,16/07/2010,RECYCLING - SINGLE STREAM,16/07/2010 12:00:00,13300,MRF,RECYCLING - SINGLE STREAM,DF1
263811,01/02/2008,RECYCLING - PAPER,01/02/2008 10:51:00,1800,MRF,RECYCLING - SINGLE STREAM,DF1
125254,08/04/2005,RECYCLING - PAPER,08/04/2005 9:34:00,1580,MRF,RECYCLING - SINGLE STREAM,DF1
116167,28/01/2005,RECYCLING - PAPER,28/01/2005 9:59:00,1200,MRF,RECYCLING - SINGLE STREAM,DF1
141152,12/08/2005,RECYCLING - PAPER,12/08/2005 10:49:00,2000,MRF,RECYCLING - SINGLE STREAM,DF1
118090,11/02/2005,RECYCLING - PAPER,11/02/2005 10:11:00,1400,MRF,RECYCLING - SINGLE STREAM,DF1
308296,16/12/2008,RECYCLING - SINGLE STREAM,16/12/2008 12:00:00,900,MRF,RECYCLING - SINGLE STREAM,DF1
129852,13/05/2005,RECYCLING - PAPER,13/05/2005 12:13:00,2000,MRF,RECYCLING - SINGLE STREAM,DF1
203753,25/11/2006,RECYCLING - PAPER,25/11/2006 10:42:00,1680,MRF,RECYCLING - SINGLE STREAM,DF1
320756,27/03/2009,RECYCLING - SINGLE STREAM,27/03/2009 4:43:00,3620,MRF,RECYCLING - SINGLE STREAM,DF1
368398,14/05/2010,RECYCLING - SINGLE STREAM,14/05/2010 12:45:00,5240,MRF,RECYCLING - SINGLE STREAM,DF1
359691,05/03/2010,RECYCLING - SINGLE STREAM,05/03/2010 1:23:00,6100,MRF,RECYCLING - SINGLE STREAM,DF1
393250,24/12/2010,RECYCLING - SINGLE STREAM,24/12/2010 1:00:00,3040,MRF,RECYCLING - SINGLE STREAM,DF1
302420,24/10/2008,RECYCLING - SINGLE STREAM,24/10/2008 4:45:00,5020,MRF,RECYCLING - SINGLE STREAM,DF1
118844,18/02/2005,RECYCLING - PAPER,18/02/2005 12:38:00,380,MRF,RECYCLING - SINGLE STREAM,DF1
289984,25/07/2008,RECYCLING - COMINGLE,25/07/2008 1:58:00,740,MRF,RECYCLING - SINGLE STREAM,DF1
163088,20/01/2006,RECYCLING - PAPER,20/01/2006 12:00:00,2040,MRF,RECYCLING - SINGLE STREAM,DF1
180136,26/05/2006,RECYCLING - COMINGLE,26/05/2006 10:16:00,1460,MRF,RECYCLING - SINGLE STREAM,DF1
188721,28/07/2006,RECYCLING - COMINGLE,28/07/2006 12:46:00,1680,MRF,RECYCLING - SINGLE STREAM,DF1
251826,09/11/2007,RECYCLING - PAPER,09/11/2007 1:56:00,1020,MRF,RECYCLING - SINGLE STREAM,DF1
245358,28/09/2007,RECYCLING - PAPER,28/09/2007 12:05:00,1900,MRF,RECYCLING - SINGLE STREAM,DF1
347996,20/11/2009,RECYCLING - SINGLE STREAM,19/11/2009 11:18:00,8420,MRF,RECYCLING - SINGLE STREAM,DF1
119645,25/02/2005,RECYCLING - PAPER,25/02/2005 12:20:00,420,MRF,RECYCLING - SINGLE STREAM,DF1
232198,22/06/2007,RECYCLING - PAPER,22/06/2007 11:54:00,1380,MRF,RECYCLING - SINGLE STREAM,DF1
226511,11/05/2007,RECYCLING - COMINGLE,11/05/2007 12:21:00,1760,MRF,RECYCLING - SINGLE STREAM,DF1
236758,27/07/2007,RECYCLING - COMINGLE,27/07/2007 10:33:00,2000,MRF,RECYCLING - SINGLE STREAM,DF1
151895,04/11/2005,RECYCLING - COMINGLE,04/11/2005 11:47:00,1640,MRF,RECYCLING - SINGLE STREAM,DF1
226512,11/05/2007,RECYCLING - PAPER,11/05/2007 12:17:00,2080,MRF,RECYCLING - SINGLE STREAM,DF1
152684,11/11/2005,RECYCLING - COMINGLE,11/11/2005 12:38:00,800,MRF,RECYCLING - SINGLE STREAM,DF1
366060,23/04/2010,RECYCLING - SINGLE STREAM,23/04/2010 3:41:00,5120,MRF,RECYCLING - SINGLE STREAM,DF1
114889,14/01/2005,RECYCLING - COMINGLE,14/01/2005 10:39:00,1900,MRF,RECYCLING - SINGLE STREAM,DF1
139062,22/07/2005,RECYCLING - PAPER,22/07/2005 12:04:00,1780,MRF,RECYCLING - SINGLE STREAM,DF1
330922,19/06/2009,RECYCLING - SINGLE STREAM,19/06/2009 2:23:00,4840,MRF,RECYCLING - SINGLE STREAM,DF1
379822,27/08/2010,RECYCLING - SINGLE STREAM,27/08/2010 3:15:00,2520,MRF,RECYCLING - SINGLE STREAM,DF1
231776,08/06/2007,RECYCLING - COMINGLE,08/06/2007 11:30:00,1560,MRF,RECYCLING - SINGLE STREAM,DF1
179057,19/05/2006,RECYCLING - PAPER,19/05/2006 12:35:00,2000,MRF,RECYCLING - SINGLE STREAM,DF1
355121,22/01/2010,RECYCLING - SINGLE STREAM,22/01/2010 10:06:00,6440,MRF,RECYCLING - SINGLE STREAM,DF1
277362,02/05/2008,RECYCLING - COMINGLE,02/05/2008 1:03:00,1980,MRF,RECYCLING - SINGLE STREAM,DF1
193123,01/09/2006,RECYCLING - COMINGLE,01/09/2006 11:57:00,1660,MRF,RECYCLING - SINGLE STREAM,DF1
214711,16/02/2007,RECYCLING - PAPER,16/02/2007 10:41:00,1740,MRF,RECYCLING - SINGLE STREAM,DF1
141151,12/08/2005,RECYCLING - COMINGLE,12/08/2005 10:54:00,2020,MRF,RECYCLING - SINGLE STREAM,DF1
247416,12/10/2007,RECYCLING - PAPER,12/10/2007 3:29:00,1060,MRF,RECYCLING - SINGLE STREAM,DF1
255761,07/12/2007,RECYCLING - PAPER,07/12/2007 12:56:00,2120,MRF,RECYCLING - SINGLE STREAM,DF1
318165,06/03/2009,RECYCLING - SINGLE STREAM,06/03/2009 10:45:00,4660,MRF,RECYCLING - SINGLE STREAM,DF1
183159,16/06/2006,RECYCLING - PAPER,16/06/2006 12:11:00,540,MRF,RECYCLING - SINGLE STREAM,DF1
250954,02/11/2007,RECYCLING - COMINGLE,02/11/2007 2:28:00,1400,MRF,RECYCLING - SINGLE STREAM,DF1
292093,08/08/2008,RECYCLING - PAPER,08/08/2008 2:05:00,980,MRF,RECYCLING - SINGLE STREAM,DF1
378870,20/08/2010,RECYCLING - SINGLE STREAM,20/08/2010 12:48:00,6220,MRF,RECYCLING - SINGLE STREAM,DF1
280820,23/05/2008,RECYCLING - PAPER,23/05/2008 1:22:00,320,MRF,RECYCLING - SINGLE STREAM,DF1
360701,12/03/2010,RECYCLING - SINGLE STREAM,12/03/2010 2:36:00,5220,MRF,RECYCLING - SINGLE STREAM,DF1
191347,18/08/2006,RECYCLING - PAPER,18/08/2006 12:33:00,1940,MRF,RECYCLING - SINGLE STREAM,DF1
335890,31/07/2009,RECYCLING - SINGLE STREAM,31/07/2009 10:34:00,3600,MRF,RECYCLING - SINGLE STREAM,DF1
263029,25/01/2008,RECYCLING - COMINGLE,25/01/2008 11:37:00,480,MRF,RECYCLING - SINGLE STREAM,DF1
268830,07/03/2008,RECYCLING - PAPER,07/03/2008 11:35:00,1340,MRF,RECYCLING - SINGLE STREAM,DF1
252561,16/11/2007,RECYCLING - PAPER,16/11/2007 1:02:00,1420,MRF,RECYCLING - SINGLE STREAM,DF1
159887,30/12/2005,RECYCLING - PAPER,30/12/2005 12:00:00,2840,MRF,RECYCLING - SINGLE STREAM,DF1
320441,20/03/2009,RECYCLING - SINGLE STREAM,20/03/2009 10:16:00,4800,MRF,RECYCLING - SINGLE STREAM,DF1
106208,12/11/2004,RECYCLING - PAPER,12/11/2004 10:00:00,1920,MRF,RECYCLING - SINGLE STREAM,DF1
401518,04/03/2011,RECYCLING - SINGLE STREAM,04/03/2011 2:09:00,2560,MRF,RECYCLING - SINGLE STREAM,DF1
144934,09/09/2005,RECYCLING - COMINGLE,09/09/2005 11:51:00,1940,MRF,RECYCLING - SINGLE STREAM,DF1
239682,17/08/2007,RECYCLING - COMINGLE,17/08/2007 10:28:00,1840,MRF,RECYCLING - SINGLE STREAM,DF1
206131,08/12/2006,RECYCLING - COMINGLE,08/12/2006 9:47:00,1720,MRF,RECYCLING - SINGLE STREAM,DF1
141153,12/08/2005,RECYCLING - COMINGLE,12/08/2005 1:54:00,1000,MRF,RECYCLING - SINGLE STREAM,DF1
149270,14/10/2005,RECYCLING - PAPER,14/10/2005 12:00:00,2020,MRF,RECYCLING - SINGLE STREAM,DF1
330923,19/06/2009,RECYCLING - SINGLE STREAM,19/06/2009 5:17:00,4980,MRF,RECYCLING - SINGLE STREAM,DF1
308294,16/12/2008,RECYCLING - SINGLE STREAM,16/12/2008 12:00:00,5100,MRF,RECYCLING - SINGLE STREAM,DF1
397442,28/01/2011,RECYCLING - SINGLE STREAM,28/01/2011 1:38:00,15160,MRF,RECYCLING - SINGLE STREAM,DF1
195802,22/09/2006,RECYCLING - PAPER,22/09/2006 2:17:00,820,MRF,RECYCLING - SINGLE STREAM,DF1
284980,20/06/2008,RECYCLING - COMINGLE,20/06/2008 11:10:00,1880,MRF,RECYCLING - SINGLE STREAM,DF1
351316,18/12/2009,RECYCLING - SINGLE STREAM,18/12/2009 1:40:00,5180,MRF,RECYCLING - SINGLE STREAM,DF1
291441,01/08/2008,RECYCLING - COMINGLE,01/08/2008 10:43:00,1480,MRF,RECYCLING - SINGLE STREAM,DF1
166909,24/02/2006,RECYCLING - PAPER,24/02/2006 12:23:00,1700,MRF,RECYCLING - SINGLE STREAM,DF1
387263,05/11/2010,RECYCLING - SINGLE STREAM,05/11/2010 10:12:00,6300,MRF,RECYCLING - SINGLE STREAM,DF1
209952,30/12/2006,RECYCLING - PAPER,30/12/2006 11:58:00,2080,MRF,RECYCLING - SINGLE STREAM,DF1
313979,30/01/2009,RECYCLING - SINGLE STREAM,30/01/2009 8:22:00,4760,MRF,RECYCLING - SINGLE STREAM,DF1
122454,18/03/2005,RECYCLING - COMINGLE,18/03/2005 11:17:00,1620,MRF,RECYCLING - SINGLE STREAM,DF1
129444,06/05/2005,RECYCLING - COMINGLE,06/05/2005 12:16:00,1660,MRF,RECYCLING - SINGLE STREAM,DF1
396211,07/01/2011,RECYCLING - SINGLE STREAM,07/01/2011 2:32:00,4060,MRF,RECYCLING - SINGLE STREAM,DF1
279739,16/05/2008,RECYCLING - PAPER,16/05/2008 12:25:00,1740,MRF,RECYCLING - SINGLE STREAM,DF1
232197,22/06/2007,RECYCLING - COMINGLE,22/06/2007 12:00:00,1700,MRF,RECYCLING - SINGLE STREAM,DF1
193124,01/09/2006,RECYCLING - PAPER,01/09/2006 11:53:00,1760,MRF,RECYCLING - SINGLE STREAM,DF1
292993,15/08/2008,RECYCLING - COMINGLE,15/08/2008 3:06:00,1760,MRF,RECYCLING - SINGLE STREAM,DF1
152682,11/11/2005,RECYCLING - COMINGLE,11/11/2005 10:31:00,1760,MRF,RECYCLING - SINGLE STREAM,DF1
124393,01/04/2005,RECYCLING - PAPER,01/04/2005 1:41:00,520,MRF,RECYCLING - SINGLE STREAM,DF1
299830,03/10/2008,RECYCLING - COMINGLE,03/10/2008 4:51:00,1500,MRF,RECYCLING - SINGLE STREAM,DF1
322626,10/04/2009,RECYCLING - SINGLE STREAM,10/04/2009 4:48:00,2360,MRF,RECYCLING - SINGLE STREAM,DF1
131009,20/05/2005,RECYCLING - COMINGLE,20/05/2005 1:29:00,1800,MRF,RECYCLING - SINGLE STREAM,DF1
251823,09/11/2007,RECYCLING - PAPER,09/11/2007 10:24:00,2040,MRF,RECYCLING - SINGLE STREAM,DF1
298437,26/09/2008,RECYCLING - PAPER,26/09/2008 9:43:00,1280,MRF,RECYCLING - SINGLE STREAM,DF1
128217,29/04/2005,RECYCLING - PAPER,29/04/2005 12:16:00,1920,MRF,RECYCLING - SINGLE STREAM,DF1
180140,26/05/2006,RECYCLING - COMINGLE,26/05/2006 12:53:00,680,MRF,RECYCLING - SINGLE STREAM,DF1
132003,27/05/2005,RECYCLING - COMINGLE,27/05/2005 1:14:00,1780,MRF,RECYCLING - SINGLE STREAM,DF1
165234,10/02/2006,RECYCLING - PAPER,10/02/2006 10:36:00,1480,MRF,RECYCLING - SINGLE STREAM,DF1
367548,07/05/2010,RECYCLING - SINGLE STREAM,07/05/2010 1:05:00,5940,MRF,RECYCLING - SINGLE STREAM,DF1
347994,20/11/2009,RECYCLING - SINGLE STREAM,20/11/2009 2:07:00,2520,MRF,RECYCLING - SINGLE STREAM,DF1
352673,02/01/2010,RECYCLING - SINGLE STREAM,02/01/2010 9:33:00,4600,MRF,RECYCLING - SINGLE STREAM,DF1
220538,23/03/2007,RECYCLING - COMINGLE,23/03/2007 12:23:00,1900,MRF,RECYCLING - SINGLE STREAM,DF1
372172,18/06/2010,RECYCLING - SINGLE STREAM,18/06/2010 4:04:00,2260,MRF,RECYCLING - SINGLE STREAM,DF1
324445,24/04/2009,RECYCLING - SINGLE STREAM,24/04/2009 5:10:00,2060,MRF,RECYCLING - SINGLE STREAM,DF1
105313,05/11/2004,RECYCLING - PAPER,05/11/2004 10:19:00,1940,MRF,RECYCLING - SINGLE STREAM,DF1
333748,10/07/2009,RECYCLING - SINGLE STREAM,10/07/2009 2:29:00,300,MRF,RECYCLING - SINGLE STREAM,DF1
246609,05/10/2007,RECYCLING - COMINGLE,05/10/2007 1:59:00,1740,MRF,RECYCLING - SINGLE STREAM,DF1
320755,27/03/2009,RECYCLING - SINGLE STREAM,27/03/2009 1:17:00,4680,MRF,RECYCLING - SINGLE STREAM,DF1
206135,08/12/2006,RECYCLING - COMINGLE,08/12/2006 12:22:00,1320,MRF,RECYCLING - SINGLE STREAM,DF1
258375,29/12/2007,RECYCLING - PAPER,29/12/2007 10:11:00,1480,MRF,RECYCLING - SINGLE STREAM,DF1
125252,08/04/2005,RECYCLING - COMINGLE,08/04/2005 9:43:00,2060,MRF,RECYCLING - SINGLE STREAM,DF1
396705,21/01/2011,RECYCLING - SINGLE STREAM,21/01/2011 2:36:00,3400,MRF,RECYCLING - SINGLE STREAM,DF1
171662,31/03/2006,RECYCLING - PAPER,31/03/2006 1:21:00,820,MRF,RECYCLING - SINGLE STREAM,DF1
354306,15/01/2010,RECYCLING - SINGLE STREAM,15/01/2010 9:09:00,5260,MRF,RECYCLING - SINGLE STREAM,DF1
321680,03/04/2009,RECYCLING - SINGLE STREAM,03/04/2009 10:34:00,5660,MRF,RECYCLING - SINGLE STREAM,DF1
314696,06/02/2009,RECYCLING - SINGLE STREAM,06/02/2009 11:05:00,4220,MRF,RECYCLING - SINGLE STREAM,DF1
351317,18/12/2009,RECYCLING - SINGLE STREAM,18/12/2009 4:26:00,5660,MRF,RECYCLING - SINGLE STREAM,DF1
150227,21/10/2005,RECYCLING - PAPER,21/10/2005 12:25:00,2060,MRF,RECYCLING - SINGLE STREAM,DF1
314697,06/02/2009,RECYCLING - SINGLE STREAM,06/02/2009 5:27:00,4140,MRF,RECYCLING - SINGLE STREAM,DF1
258376,29/12/2007,RECYCLING - COMINGLE,29/12/2007 12:34:00,1020,MRF,RECYCLING - SINGLE STREAM,DF1
236757,27/07/2007,RECYCLING - PAPER,27/07/2007 10:33:00,1280,MRF,RECYCLING - SINGLE STREAM,DF1
341192,18/09/2009,RECYCLING - SINGLE STREAM,18/09/2009 2:23:00,1160,MRF,RECYCLING - SINGLE STREAM,DF1
145686,16/09/2005,RECYCLING - PAPER,16/09/2005 1:52:00,2220,MRF,RECYCLING - SINGLE STREAM,DF1
287036,04/07/2008,RECYCLING - PAPER,04/07/2008 10:34:00,720,MRF,RECYCLING - SINGLE STREAM,DF1
241656,31/08/2007,RECYCLING - PAPER,31/08/2007 12:10:00,1380,MRF,RECYCLING - SINGLE STREAM,DF1
338738,28/08/2009,RECYCLING - SINGLE STREAM,28/08/2009 8:53:00,4300,MRF,RECYCLING - SINGLE STREAM,DF1
276415,25/04/2008,RECYCLING - PAPER,25/04/2008 2:23:00,2020,MRF,RECYCLING - SINGLE STREAM,DF1
169050,10/03/2006,RECYCLING - COMINGLE,10/03/2006 1:23:00,1020,MRF,RECYCLING - SINGLE STREAM,DF1
261769,18/01/2008,RECYCLING - COMINGLE,18/01/2008 12:37:00,1720,MRF,RECYCLING - SINGLE STREAM,DF1
228300,25/05/2007,RECYCLING - COMINGLE,25/05/2007 11:43:00,340,MRF,RECYCLING - SINGLE STREAM,DF1
190092,11/08/2006,RECYCLING - PAPER,11/08/2006 12:00:00,1880,MRF,RECYCLING - SINGLE STREAM,DF1
335892,31/07/2009,RECYCLING - SINGLE STREAM,31/07/2009 4:06:00,2120,MRF,RECYCLING - SINGLE STREAM,DF1
313119,23/01/2009,RECYCLING - SINGLE STREAM,23/01/2009 3:18:00,3980,MRF,RECYCLING - SINGLE STREAM,DF1
212828,26/01/2007,RECYCLING - COMINGLE,26/01/2007 2:21:00,1460,MRF,RECYCLING - SINGLE STREAM,DF1
373719,02/07/2010,RECYCLING - SINGLE STREAM,02/07/2010 3:27:00,4520,MRF,RECYCLING - SINGLE STREAM,DF1
270841,21/03/2008,RECYCLING - COMINGLE,21/03/2008 1:57:00,1340,MRF,RECYCLING - SINGLE STREAM,DF1
350348,11/12/2009,RECYCLING - SINGLE STREAM,11/12/2009 12:48:00,5340,MRF,RECYCLING - SINGLE STREAM,DF1
327603,22/05/2009,RECYCLING - SINGLE STREAM,22/05/2009 11:16:00,4080,MRF,RECYCLING - SINGLE STREAM,DF1
308874,19/12/2008,RECYCLING - SINGLE STREAM,19/12/2008 10:15:00,5400,MRF,RECYCLING - SINGLE STREAM,DF1
118843,18/02/2005,RECYCLING - COMINGLE,18/02/2005 12:42:00,820,MRF,RECYCLING - SINGLE STREAM,DF1
381163,10/09/2010,RECYCLING - SINGLE STREAM,10/09/2010 11:16:00,9340,MRF,RECYCLING - SINGLE STREAM,DF1
361457,19/03/2010,RECYCLING - SINGLE STREAM,19/03/2010 10:13:00,5660,MRF,RECYCLING - SINGLE STREAM,DF1
307981,12/12/2008,RECYCLING - SINGLE STREAM,12/12/2008 12:33:00,5080,MRF,RECYCLING - SINGLE STREAM,DF1
298438,26/09/2008,RECYCLING - COMINGLE,26/09/2008 1:32:00,1380,MRF,RECYCLING - SINGLE STREAM,DF1
335148,24/07/2009,RECYCLING - SINGLE STREAM,24/07/2009 9:59:00,3680,MRF,RECYCLING - SINGLE STREAM,DF1
209605,06/01/2007,RECYCLING - PAPER,06/01/2007 12:18:00,1160,MRF,RECYCLING - SINGLE STREAM,DF1
319761,13/03/2009,RECYCLING - SINGLE STREAM,13/03/2009 4:13:00,4560,MRF,RECYCLING - SINGLE STREAM,DF1
153636,18/11/2005,RECYCLING - PAPER,18/11/2005 12:44:00,2260,MRF,RECYCLING - SINGLE STREAM,DF1
272494,28/03/2008,RECYCLING - COMINGLE,28/03/2008 11:36:00,2320,MRF,RECYCLING - SINGLE STREAM,DF1
143085,26/08/2005,RECYCLING - COMINGLE,26/08/2005 12:49:00,1520,MRF,RECYCLING - SINGLE STREAM,DF1
284982,20/06/2008,RECYCLING - PAPER,20/06/2008 11:07:00,1500,MRF,RECYCLING - SINGLE STREAM,DF1
148315,07/10/2005,RECYCLING - PAPER,07/10/2005 11:14:00,2060,MRF,RECYCLING - SINGLE STREAM,DF1
196089,08/09/2006,RECYCLING - PAPER,08/09/2006 12:02:00,1840,MRF,RECYCLING - SINGLE STREAM,DF1
273361,04/04/2008,RECYCLING - PAPER,04/04/2008 12:17:00,1560,MRF,RECYCLING - SINGLE STREAM,DF1
242495,07/09/2007,RECYCLING - COMINGLE,07/09/2007 11:28:00,1860,MRF,RECYCLING - SINGLE STREAM,DF1
266159,15/02/2008,RECYCLING - PAPER,15/02/2008 12:21:00,1480,MRF,RECYCLING - SINGLE STREAM,DF1
332377,26/06/2009,RECYCLING - SINGLE STREAM,26/06/2009 2:54:00,840,MRF,RECYCLING - SINGLE STREAM,DF1
359401,26/02/2010,RECYCLING - SINGLE STREAM,26/02/2010 9:02:00,5720,MRF,RECYCLING - SINGLE STREAM,DF1
315788,13/02/2009,RECYCLING - SINGLE STREAM,13/02/2009 6:00:00,1700,MRF,RECYCLING - SINGLE STREAM,DF1
356716,05/02/2010,RECYCLING - SINGLE STREAM,05/02/2010 12:51:00,2840,MRF,RECYCLING - SINGLE STREAM,DF1
287889,11/07/2008,RECYCLING - PAPER,11/07/2008 1:26:00,1640,MRF,RECYCLING - SINGLE STREAM,DF1
325252,01/05/2009,RECYCLING - SINGLE STREAM,01/05/2009 9:58:00,5160,MRF,RECYCLING - SINGLE STREAM,DF1
304017,07/11/2008,RECYCLING - SINGLE STREAM,07/11/2008 1:30:00,5320,MRF,RECYCLING - SINGLE STREAM,DF1
344188,16/10/2009,RECYCLING - SINGLE STREAM,16/10/2009 12:02:00,4540,MRF,RECYCLING - SINGLE STREAM,DF1
296035,05/09/2008,RECYCLING - COMINGLE,05/09/2008 2:41:00,940,MRF,RECYCLING - SINGLE STREAM,DF1
233837,06/07/2007,RECYCLING - COMINGLE,06/07/2007 11:02:00,1660,MRF,RECYCLING - SINGLE STREAM,DF1
379821,27/08/2010,RECYCLING - SINGLE STREAM,27/08/2010 1:31:00,15220,MRF,RECYCLING - SINGLE STREAM,DF1
235979,20/07/2007,RECYCLING - PAPER,20/07/2007 10:17:00,2320,MRF,RECYCLING - SINGLE STREAM,DF1
340418,11/09/2009,RECYCLING - SINGLE STREAM,11/09/2009 11:29:00,5000,MRF,RECYCLING - SINGLE STREAM,DF1
158059,23/12/2005,RECYCLING - PAPER,23/12/2005 10:07:00,2100,MRF,RECYCLING - SINGLE STREAM,DF1
163133,27/01/2006,RECYCLING - COMINGLE,27/01/2006 12:00:00,2040,MRF,RECYCLING - SINGLE STREAM,DF1
263027,25/01/2008,RECYCLING - COMINGLE,25/01/2008 9:31:00,2060,MRF,RECYCLING - SINGLE STREAM,DF1
187491,21/07/2006,RECYCLING - PAPER,21/07/2006 12:11:00,1900,MRF,RECYCLING - SINGLE STREAM,DF1
209603,06/01/2007,RECYCLING - COMINGLE,06/01/2007 12:27:00,1340,MRF,RECYCLING - SINGLE STREAM,DF1
352675,02/01/2010,RECYCLING - SINGLE STREAM,02/01/2010 2:41:00,1960,MRF,RECYCLING - SINGLE STREAM,DF1
276143,18/04/2008,RECYCLING - PAPER,18/04/2008 12:33:00,2040,MRF,RECYCLING - SINGLE STREAM,DF1
340417,11/09/2009,RECYCLING - SINGLE STREAM,11/09/2009 8:24:00,4900,MRF,RECYCLING - SINGLE STREAM,DF1
242496,07/09/2007,RECYCLING - PAPER,07/09/2007 11:25:00,1380,MRF,RECYCLING - SINGLE STREAM,DF1
159888,30/12/2005,RECYCLING - COMINGLE,30/12/2005 12:00:00,2760,MRF,RECYCLING - SINGLE STREAM,DF1
240350,24/08/2007,RECYCLING - COMINGLE,24/08/2007 10:21:00,2260,MRF,RECYCLING - SINGLE STREAM,DF1
235848,13/07/2007,RECYCLING - PAPER,13/07/2007 10:08:00,2680,MRF,RECYCLING - SINGLE STREAM,DF1
334228,17/07/2009,RECYCLING - SINGLE STREAM,17/07/2009 11:34:00,4560,MRF,RECYCLING - SINGLE STREAM,DF1
381870,17/09/2010,RECYCLING - SINGLE STREAM,17/09/2010 12:46:00,6420,MRF,RECYCLING - SINGLE STREAM,DF1
292091,08/08/2008,RECYCLING - PAPER,08/08/2008 11:08:00,1400,MRF,RECYCLING - SINGLE STREAM,DF1
107845,27/11/2004,RECYCLING - PAPER,27/11/2004 11:52:00,240,MRF,RECYCLING - SINGLE STREAM,DF1
258377,29/12/2007,RECYCLING - PAPER,29/12/2007 12:23:00,280,MRF,RECYCLING - SINGLE STREAM,DF1
298439,26/09/2008,RECYCLING - PAPER,26/09/2008 1:27:00,1140,MRF,RECYCLING - SINGLE STREAM,DF1
120496,04/03/2005,RECYCLING - COMINGLE,04/03/2005 12:44:00,280,MRF,RECYCLING - SINGLE STREAM,DF1
107844,27/11/2004,RECYCLING - COMINGLE,27/11/2004 11:55:00,760,MRF,RECYCLING - SINGLE STREAM,DF1
107067,19/11/2004,RECYCLING - PAPER,19/11/2004 2:46:00,2080,MRF,RECYCLING - SINGLE STREAM,DF1
171659,31/03/2006,RECYCLING - COMINGLE,31/03/2006 9:41:00,2260,MRF,RECYCLING - SINGLE STREAM,DF1
286662,27/06/2008,RECYCLING - PAPER,27/06/2008 1:22:00,1320,MRF,RECYCLING - SINGLE STREAM,DF1
287035,04/07/2008,RECYCLING - COMINGLE,04/07/2008 10:37:00,1560,MRF,RECYCLING - SINGLE STREAM,DF1
235847,13/07/2007,RECYCLING - COMINGLE,13/07/2007 10:15:00,2020,MRF,RECYCLING - SINGLE STREAM,DF1
366949,30/04/2010,RECYCLING - SINGLE STREAM,30/04/2010 2:01:00,720,MRF,RECYCLING - SINGLE STREAM,DF1
107066,19/11/2004,RECYCLING - COMINGLE,19/11/2004 2:50:00,1360,MRF,RECYCLING - SINGLE STREAM,DF1
210981,12/01/2007,RECYCLING - COMINGLE,12/01/2007 11:03:00,2300,MRF,RECYCLING - SINGLE STREAM,DF1
139603,29/07/2005,RECYCLING - PAPER,29/07/2005 2:07:00,280,MRF,RECYCLING - SINGLE STREAM,DF1
367547,07/05/2010,RECYCLING - SINGLE STREAM,07/05/2010 10:01:00,6060,MRF,RECYCLING - SINGLE STREAM,DF1
147395,30/09/2005,RECYCLING - COMINGLE,30/09/2005 11:39:00,1780,MRF,RECYCLING - SINGLE STREAM,DF1
315786,13/02/2009,RECYCLING - SINGLE STREAM,13/02/2009 12:56:00,5120,MRF,RECYCLING - SINGLE STREAM,DF1
101322,01/10/2004,RECYCLING - PAPER,01/10/2004 12:27:00,2260,MRF,RECYCLING - SINGLE STREAM,DF1
161580,13/01/2006,RECYCLING - COMINGLE,13/01/2006 12:00:00,1840,MRF,RECYCLING - SINGLE STREAM,DF1
124391,01/04/2005,RECYCLING - PAPER,01/04/2005 10:15:00,1920,MRF,RECYCLING - SINGLE STREAM,DF1
236756,27/07/2007,RECYCLING - COMINGLE,27/07/2007 9:22:00,1260,MRF,RECYCLING - SINGLE STREAM,DF1
337486,14/08/2009,RECYCLING - SINGLE STREAM,14/08/2009 11:12:00,3480,MRF,RECYCLING - SINGLE STREAM,DF1
148314,07/10/2005,RECYCLING - COMINGLE,07/10/2005 11:29:00,1600,MRF,RECYCLING - SINGLE STREAM,DF1
293725,22/08/2008,RECYCLING - COMINGLE,22/08/2008 3:29:00,1020,MRF,RECYCLING - SINGLE STREAM,DF1
319762,13/03/2009,RECYCLING - SINGLE STREAM,13/03/2009 6:23:00,2400,MRF,RECYCLING - SINGLE STREAM,DF1
389884,27/11/2010,RECYCLING - SINGLE STREAM,27/11/2010 10:35:00,5600,MRF,RECYCLING - SINGLE STREAM,DF1
364996,16/04/2010,RECYCLING - SINGLE STREAM,16/04/2010 10:08:00,4880,MRF,RECYCLING - SINGLE STREAM,DF1
170844,24/03/2006,RECYCLING - PAPER,24/03/2006 12:22:00,1740,MRF,RECYCLING - SINGLE STREAM,DF1
255760,07/12/2007,RECYCLING - COMINGLE,07/12/2007 1:02:00,1800,MRF,RECYCLING - SINGLE STREAM,DF1
259918,05/01/2008,RECYCLING - PAPER,05/01/2008 9:19:00,1460,MRF,RECYCLING - SINGLE STREAM,DF1
124388,01/04/2005,RECYCLING - COMINGLE,01/04/2005 10:21:00,1840,MRF,RECYCLING - SINGLE STREAM,DF1
113374,07/01/2005,RECYCLING - PAPER,07/01/2005 12:38:00,1840,MRF,RECYCLING - SINGLE STREAM,DF1
188722,28/07/2006,RECYCLING - PAPER,28/07/2006 12:41:00,2040,MRF,RECYCLING - SINGLE STREAM,DF1
329201,05/06/2009,RECYCLING - SINGLE STREAM,05/06/2009 9:23:00,5260,MRF,RECYCLING - SINGLE STREAM,DF1
102812,22/10/2004,RECYCLING - COMINGLE,22/10/2004 12:21:00,1940,MRF,RECYCLING - SINGLE STREAM,DF1
303113,31/10/2008,RECYCLING - SINGLE STREAM,31/10/2008 7:12:00,4600,MRF,RECYCLING - SINGLE STREAM,DF1
212067,20/01/2007,RECYCLING - COMINGLE,20/01/2007 11:10:00,1400,MRF,RECYCLING - SINGLE STREAM,DF1
114891,14/01/2005,RECYCLING - COMINGLE,14/01/2005 1:27:00,1080,MRF,RECYCLING - SINGLE STREAM,DF1
301421,17/10/2008,RECYCLING - SINGLE STREAM,17/10/2008 1:28:00,5480,MRF,RECYCLING - SINGLE STREAM,DF1
356715,05/02/2010,RECYCLING - SINGLE STREAM,05/02/2010 11:45:00,2840,MRF,RECYCLING - SINGLE STREAM,DF1
359402,26/02/2010,RECYCLING - SINGLE STREAM,26/02/2010 12:53:00,5000,MRF,RECYCLING - SINGLE STREAM,DF1
110813,17/12/2004,RECYCLING - PAPER,17/12/2004 12:44:00,2800,MRF,RECYCLING - SINGLE STREAM,DF1
238659,10/08/2007,RECYCLING - PAPER,10/08/2007 11:20:00,1580,MRF,RECYCLING - SINGLE STREAM,DF1
312166,16/01/2009,RECYCLING - SINGLE STREAM,16/01/2009 9:27:00,4540,MRF,RECYCLING - SINGLE STREAM,DF1
229701,01/06/2007,RECYCLING - PAPER,01/06/2007 12:12:00,1820,MRF,RECYCLING - SINGLE STREAM,DF1
110812,17/12/2004,RECYCLING - COMINGLE,17/12/2004 12:48:00,1520,MRF,RECYCLING - SINGLE STREAM,DF1
136365,01/07/2005,RECYCLING - PAPER,01/07/2005 12:27:00,1820,MRF,RECYCLING - SINGLE STREAM,DF1
390898,03/12/2010,RECYCLING - SINGLE STREAM,03/12/2010 9:40:00,6860,MRF,RECYCLING - SINGLE STREAM,DF1
220539,23/03/2007,RECYCLING - PAPER,23/03/2007 12:19:00,1740,MRF,RECYCLING - SINGLE STREAM,DF1
160415,04/01/2006,RECYCLING - PAPER,04/01/2006 12:00:00,2500,MRF,RECYCLING - SINGLE STREAM,DF1
311254,09/01/2009,RECYCLING - SINGLE STREAM,09/01/2009 10:00:00,3900,MRF,RECYCLING - SINGLE STREAM,DF1
328424,29/05/2009,RECYCLING - SINGLE STREAM,29/05/2009 11:05:00,4940,MRF,RECYCLING - SINGLE STREAM,DF1
254302,30/11/2007,RECYCLING - COMINGLE,30/11/2007 1:20:00,1420,MRF,RECYCLING - SINGLE STREAM,DF1
266769,22/02/2008,RECYCLING - COMINGLE,22/02/2008 12:05:00,1880,MRF,RECYCLING - SINGLE STREAM,DF1
386136,22/10/2010,RECYCLING - SINGLE STREAM,22/10/2010 9:44:00,5500,MRF,RECYCLING - SINGLE STREAM,DF1
401517,04/03/2011,RECYCLING - SINGLE STREAM,04/03/2011 11:10:00,4980,MRF,RECYCLING - SINGLE STREAM,DF1
240353,24/08/2007,RECYCLING - PAPER,24/08/2007 2:33:00,1720,MRF,RECYCLING - SINGLE STREAM,DF1
341937,25/09/2009,RECYCLING - SINGLE STREAM,25/09/2009 9:35:00,5100,MRF,RECYCLING - SINGLE STREAM,DF1
219583,16/03/2007,RECYCLING - PAPER,16/03/2007 12:39:00,1940,MRF,RECYCLING - SINGLE STREAM,DF1
381162,10/09/2010,RECYCLING - SINGLE STREAM,10/09/2010 1:12:00,6820,MRF,RECYCLING - SINGLE STREAM,DF1
166201,17/02/2006,RECYCLING - PAPER,17/02/2006 12:44:00,2020,MRF,RECYCLING - SINGLE STREAM,DF1
376677,30/07/2010,RECYCLING - SINGLE STREAM,30/07/2010 3:24:00,4500,MRF,RECYCLING - SINGLE STREAM,DF1
227605,18/05/2007,RECYCLING - COMINGLE,18/05/2007 12:34:00,1940,MRF,RECYCLING - SINGLE STREAM,DF1
177984,12/05/2006,RECYCLING - PAPER,12/05/2006 1:38:00,2400,MRF,RECYCLING - SINGLE STREAM,DF1
362321,26/03/2010,RECYCLING - SINGLE STREAM,26/03/2010 9:29:00,5160,MRF,RECYCLING - SINGLE STREAM,DF1
307169,05/12/2008,RECYCLING - SINGLE STREAM,05/12/2008 2:11:00,4580,MRF,RECYCLING - SINGLE STREAM,DF1
116994,04/02/2005,RECYCLING - COMINGLE,04/02/2005 12:46:00,800,MRF,RECYCLING - SINGLE STREAM,DF1
212069,20/01/2007,RECYCLING - PAPER,20/01/2007 11:04:00,1040,MRF,RECYCLING - SINGLE STREAM,DF1
390901,03/12/2010,RECYCLING - SINGLE STREAM,03/12/2010 1:37:00,6100,MRF,RECYCLING - SINGLE STREAM,DF1
304651,14/11/2008,RECYCLING - SINGLE STREAM,14/11/2008 5:09:00,1400,MRF,RECYCLING - SINGLE STREAM,DF1
381161,10/09/2010,RECYCLING - SINGLE STREAM,10/09/2010 9:18:00,5980,MRF,RECYCLING - SINGLE STREAM,DF1
280819,23/05/2008,RECYCLING - COMINGLE,23/05/2008 1:25:00,560,MRF,RECYCLING - SINGLE STREAM,DF1
143909,19/08/2005,RECYCLING - PAPER,19/08/2005 12:51:00,1080,MRF,RECYCLING - SINGLE STREAM,DF1
286660,27/06/2008,RECYCLING - PAPER,27/06/2008 10:01:00,1460,MRF,RECYCLING - SINGLE STREAM,DF1
372171,18/06/2010,RECYCLING - SINGLE STREAM,18/06/2010 1:19:00,6380,MRF,RECYCLING - SINGLE STREAM,DF1
227606,18/05/2007,RECYCLING - PAPER,18/05/2007 12:30:00,1620,MRF,RECYCLING - SINGLE STREAM,DF1
237837,03/08/2007,RECYCLING - PAPER,03/08/2007 12:54:00,1480,MRF,RECYCLING - SINGLE STREAM,DF1
161579,13/01/2006,RECYCLING - PAPER,13/01/2006 12:00:00,2120,MRF,RECYCLING - SINGLE STREAM,DF1
222020,06/04/2007,RECYCLING - COMINGLE,06/04/2007 12:13:00,1900,MRF,RECYCLING - SINGLE STREAM,DF1
289986,25/07/2008,RECYCLING - PAPER,25/07/2008 1:51:00,820,MRF,RECYCLING - SINGLE STREAM,DF1
376676,30/07/2010,RECYCLING - SINGLE STREAM,30/07/2010 12:40:00,11080,MRF,RECYCLING - SINGLE STREAM,DF1
240351,24/08/2007,RECYCLING - PAPER,24/08/2007 10:16:00,1920,MRF,RECYCLING - SINGLE STREAM,DF1
206132,08/12/2006,RECYCLING - PAPER,08/12/2006 9:38:00,1840,MRF,RECYCLING - SINGLE STREAM,DF1
328425,29/05/2009,RECYCLING - SINGLE STREAM,29/05/2009 1:43:00,1060,MRF,RECYCLING - SINGLE STREAM,DF1
251822,09/11/2007,RECYCLING - COMINGLE,09/11/2007 10:29:00,1840,MRF,RECYCLING - SINGLE STREAM,DF1
399398,12/02/2011,RECYCLING - SINGLE STREAM,12/02/2011 12:40:00,6020,MRF,RECYCLING - SINGLE STREAM,DF1
272496,28/03/2008,RECYCLING - PAPER,28/03/2008 11:31:00,1820,MRF,RECYCLING - SINGLE STREAM,DF1
281781,30/05/2008,RECYCLING - COMINGLE,30/05/2008 10:50:00,1760,MRF,RECYCLING - SINGLE STREAM,DF1
212829,26/01/2007,RECYCLING - PAPER,26/01/2007 2:18:00,1160,MRF,RECYCLING - SINGLE STREAM,DF1
146702,23/09/2005,RECYCLING - COMINGLE,23/09/2005 1:00:00,1860,MRF,RECYCLING - SINGLE STREAM,DF1
378380,13/08/2010,RECYCLING - SINGLE STREAM,13/08/2010 9:39:00,6280,MRF,RECYCLING - SINGLE STREAM,DF1
279738,16/05/2008,RECYCLING - COMINGLE,16/05/2008 12:31:00,2060,MRF,RECYCLING - SINGLE STREAM,DF1
367549,07/05/2010,RECYCLING - SINGLE STREAM,07/05/2010 3:34:00,3560,MRF,RECYCLING - SINGLE STREAM,DF1
270842,21/03/2008,RECYCLING - PAPER,21/03/2008 1:52:00,780,MRF,RECYCLING - SINGLE STREAM,DF1
102371,15/10/2004,RECYCLING - COMINGLE,15/10/2004 12:47:00,2080,MRF,RECYCLING - SINGLE STREAM,DF1
354308,15/01/2010,RECYCLING - SINGLE STREAM,15/01/2010 12:01:00,5520,MRF,RECYCLING - SINGLE STREAM,DF1
217008,02/03/2007,RECYCLING - COMINGLE,02/03/2007 1:21:00,1720,MRF,RECYCLING - SINGLE STREAM,DF1
131016,20/05/2005,RECYCLING - PAPER,20/05/2005 1:25:00,2180,MRF,RECYCLING - SINGLE STREAM,DF1
165238,10/02/2006,RECYCLING - PAPER,10/02/2006 1:27:00,660,MRF,RECYCLING - SINGLE STREAM,DF1
259919,05/01/2008,RECYCLING - COMINGLE,05/01/2008 12:13:00,1120,MRF,RECYCLING - SINGLE STREAM,DF1
195800,22/09/2006,RECYCLING - PAPER,22/09/2006 10:06:00,1800,MRF,RECYCLING - SINGLE STREAM,DF1
135214,24/06/2005,RECYCLING - COMINGLE,24/06/2005 12:32:00,1860,MRF,RECYCLING - SINGLE STREAM,DF1
332586,03/07/2009,RECYCLING - SINGLE STREAM,03/07/2009 8:26:00,5180,MRF,RECYCLING - SINGLE STREAM,DF1
347228,13/11/2009,RECYCLING - SINGLE STREAM,13/11/2009 12:58:00,5260,MRF,RECYCLING - SINGLE STREAM,DF1
119643,25/02/2005,RECYCLING - COMINGLE,25/02/2005 12:22:00,400,MRF,RECYCLING - SINGLE STREAM,DF1
296033,05/09/2008,RECYCLING - COMINGLE,05/09/2008 10:47:00,1340,MRF,RECYCLING - SINGLE STREAM,DF1
149269,14/10/2005,RECYCLING - COMINGLE,14/10/2005 12:04:00,1620,MRF,RECYCLING - SINGLE STREAM,DF1
341189,18/09/2009,RECYCLING - SINGLE STREAM,18/09/2009 10:45:00,5000,MRF,RECYCLING - SINGLE STREAM,DF1
144204,02/09/2005,RECYCLING - PAPER,02/09/2005 1:18:00,1660,MRF,RECYCLING - SINGLE STREAM,DF1
369963,21/05/2010,RECYCLING - SINGLE STREAM,21/05/2010 12:43:00,5640,MRF,RECYCLING - SINGLE STREAM,DF1
241654,31/08/2007,RECYCLING - COMINGLE,31/08/2007 12:15:00,1620,MRF,RECYCLING - SINGLE STREAM,DF1
116169,28/01/2005,RECYCLING - PAPER,28/01/2005 11:42:00,180,MRF,RECYCLING - SINGLE STREAM,DF1
239684,17/08/2007,RECYCLING - PAPER,17/08/2007 10:25:00,1700,MRF,RECYCLING - SINGLE STREAM,DF1
115343,21/01/2005,RECYCLING - PAPER,21/01/2005 1:02:00,1980,MRF,RECYCLING - SINGLE STREAM,DF1
270839,21/03/2008,RECYCLING - COMINGLE,21/03/2008 10:29:00,1800,MRF,RECYCLING - SINGLE STREAM,DF1
370408,21/05/2010,RECYCLING - SINGLE STREAM,21/05/2010 12:00:00,5240,MRF,RECYCLING - SINGLE STREAM,DF1
120498,04/03/2005,RECYCLING - PAPER,04/03/2005 12:40:00,300,MRF,RECYCLING - SINGLE STREAM,DF1
247414,12/10/2007,RECYCLING - PAPER,12/10/2007 11:32:00,1700,MRF,RECYCLING - SINGLE STREAM,DF1
304016,07/11/2008,RECYCLING - SINGLE STREAM,07/11/2008 9:30:00,5540,MRF,RECYCLING - SINGLE STREAM,DF1
270214,14/03/2008,RECYCLING - COMINGLE,14/03/2008 12:33:00,2000,MRF,RECYCLING - SINGLE STREAM,DF1
195801,22/09/2006,RECYCLING - COMINGLE,22/09/2006 2:21:00,1860,MRF,RECYCLING - SINGLE STREAM,DF1
392623,17/12/2010,RECYCLING - SINGLE STREAM,17/12/2010 4:59:00,4080,MRF,RECYCLING - SINGLE STREAM,DF1
378381,13/08/2010,RECYCLING - SINGLE STREAM,13/08/2010 12:25:00,5920,MRF,RECYCLING - SINGLE STREAM,DF1
205001,01/12/2006,RECYCLING - COMINGLE,01/12/2006 10:35:00,1820,MRF,RECYCLING - SINGLE STREAM,DF1
180141,26/05/2006,RECYCLING - PAPER,26/05/2006 12:45:00,1060,MRF,RECYCLING - SINGLE STREAM,DF1
373106,25/06/2010,RECYCLING - SINGLE STREAM,25/06/2010 11:12:00,5380,MRF,RECYCLING - SINGLE STREAM,DF1
248331,19/10/2007,RECYCLING - COMINGLE,19/10/2007 12:33:00,1840,MRF,RECYCLING - SINGLE STREAM,DF1
224026,20/04/2007,RECYCLING - COMINGLE,20/04/2007 11:52:00,1740,MRF,RECYCLING - SINGLE STREAM,DF1
292090,08/08/2008,RECYCLING - COMINGLE,08/08/2008 11:15:00,1660,MRF,RECYCLING - SINGLE STREAM,DF1
238657,10/08/2007,RECYCLING - COMINGLE,10/08/2007 11:24:00,1580,MRF,RECYCLING - SINGLE STREAM,DF1
338086,21/08/2009,RECYCLING - SINGLE STREAM,21/08/2009 3:02:00,1840,MRF,RECYCLING - SINGLE STREAM,DF1
288873,18/07/2008,RECYCLING - PAPER,18/07/2008 10:59:00,1100,MRF,RECYCLING - SINGLE STREAM,DF1
186615,14/07/2006,RECYCLING - PAPER,14/07/2006 11:09:00,1780,MRF,RECYCLING - SINGLE STREAM,DF1
316521,20/02/2009,RECYCLING - SINGLE STREAM,20/02/2009 11:46:00,5140,MRF,RECYCLING - SINGLE STREAM,DF1
363295,02/04/2010,RECYCLING - SINGLE STREAM,02/04/2010 2:40:00,1780,MRF,RECYCLING - SINGLE STREAM,DF1
185034,30/06/2006,RECYCLING - COMINGLE,30/06/2006 12:48:00,300,MRF,RECYCLING - SINGLE STREAM,DF1
313980,30/01/2009,RECYCLING - SINGLE STREAM,30/01/2009 10:46:00,3220,MRF,RECYCLING - SINGLE STREAM,DF1
355122,22/01/2010,RECYCLING - SINGLE STREAM,22/01/2010 1:16:00,860,MRF,RECYCLING - SINGLE STREAM,DF1
261770,18/01/2008,RECYCLING - PAPER,18/01/2008 12:33:00,1180,MRF,RECYCLING - SINGLE STREAM,DF1
212826,26/01/2007,RECYCLING - COMINGLE,26/01/2007 11:20:00,2460,MRF,RECYCLING - SINGLE STREAM,DF1
169051,10/03/2006,RECYCLING - PAPER,10/03/2006 1:18:00,600,MRF,RECYCLING - SINGLE STREAM,DF1
359403,26/02/2010,RECYCLING - SINGLE STREAM,26/02/2010 3:59:00,2100,MRF,RECYCLING - SINGLE STREAM,DF1
221555,30/03/2007,RECYCLING - COMINGLE,30/03/2007 12:16:00,2000,MRF,RECYCLING - SINGLE STREAM,DF1
134525,17/06/2005,RECYCLING - COMINGLE,17/06/2005 1:09:00,1700,MRF,RECYCLING - SINGLE STREAM,DF1